{
  "system":{

  },
  "global":{
		"interruption_evt_sqs":{
			"queue_url":"https://sqs.YOUR-REGION.amazonaws.com/YOUR-AWS-ACCOUT/spot-interruption-notice",
			"visibility_timeout_seconds":61,
			"max_number_of_messages":5,
			"wait_time_seconds":1,
      			"preaction_snapshot_interval_minutes":20
		},
		"detach_evt_sqs":{
			"queue_url":"https://sqs.YOUR-REGION.amazonaws.com/YOUR-AWS-ACCOUT/dettach-event",
			"visibility_timeout_seconds":61,
		  	"max_number_of_messages":5,
		  	"wait_time_seconds":1
		},
    		"termination_evt_sqs":{
      			"queue_url":"https://sqs.YOUR-REGION.amazonaws.com/YOUR-AWS-ACCOUT/preact-termination",
      			"visibility_timeout_seconds":61,
      			"max_number_of_messages":5,
      			"wait_time_seconds":1
    		},
    		"preaction_snapshot_interval_minutes":0
	},
  "groups":{
    "YOUR-ASG-NAME":{
        "detaching_delay_seconds":20,
        "max_num_of_terminated_one_time":2,
      	"preaction_termination_delay_seconds":10,
      	"preaction_detach_delay_seconds": 5,
        "is_enable_preaction":false
    }
  }
}
